[{"model": "pirogue.country", "pk": 1, "fields": {"code": 4, "alpha2": "AF", "alpha3": "AFG", "name_fr": "Afghanistan", "name_en": "Afghanistan"}}, {"model": "pirogue.country", "pk": 2, "fields": {"code": 8, "alpha2": "AL", "alpha3": "ALB", "name_fr": "Albanie", "name_en": "Albania"}}, {"model": "pirogue.country", "pk": 3, "fields": {"code": 10, "alpha2": "AQ", "alpha3": "ATA", "name_fr": "Antarctique", "name_en": "Antarctica"}}, {"model": "pirogue.country", "pk": 4, "fields": {"code": 12, "alpha2": "DZ", "alpha3": "DZA", "name_fr": "Algérie", "name_en": "Algeria"}}, {"model": "pirogue.country", "pk": 5, "fields": {"code": 16, "alpha2": "AS", "alpha3": "ASM", "name_fr": "Samoa Américaines", "name_en": "American Samoa"}}, {"model": "pirogue.country", "pk": 6, "fields": {"code": 20, "alpha2": "AD", "alpha3": "AND", "name_fr": "Andorre", "name_en": "Andorra"}}, {"model": "pirogue.country", "pk": 7, "fields": {"code": 24, "alpha2": "AO", "alpha3": "AGO", "name_fr": "Angola", "name_en": "Angola"}}, {"model": "pirogue.country", "pk": 8, "fields": {"code": 28, "alpha2": "AG", "alpha3": "ATG", "name_fr": "Antigua-et-Barbuda", "name_en": "Antigua and Barbuda"}}, {"model": "pirogue.country", "pk": 9, "fields": {"code": 31, "alpha2": "AZ", "alpha3": "AZE", "name_fr": "Azerbaïdjan", "name_en": "Azerbaijan"}}, {"model": "pirogue.country", "pk": 10, "fields": {"code": 32, "alpha2": "AR", "alpha3": "ARG", "name_fr": "Argentine", "name_en": "Argentina"}}, {"model": "pirogue.country", "pk": 11, "fields": {"code": 36, "alpha2": "AU", "alpha3": "AUS", "name_fr": "Australie", "name_en": "Australia"}}, {"model": "pirogue.country", "pk": 12, "fields": {"code": 40, "alpha2": "AT", "alpha3": "AUT", "name_fr": "Autriche", "name_en": "Austria"}}, {"model": "pirogue.country", "pk": 13, "fields": {"code": 44, "alpha2": "BS", "alpha3": "BHS", "name_fr": "Bahamas", "name_en": "Bahamas"}}, {"model": "pirogue.country", "pk": 14, "fields": {"code": 48, "alpha2": "BH", "alpha3": "BHR", "name_fr": "Bahreïn", "name_en": "Bahrain"}}, {"model": "pirogue.country", "pk": 15, "fields": {"code": 50, "alpha2": "BD", "alpha3": "BGD", "name_fr": "Bangladesh", "name_en": "Bangladesh"}}, {"model": "pirogue.country", "pk": 16, "fields": {"code": 51, "alpha2": "AM", "alpha3": "ARM", "name_fr": "Arménie", "name_en": "Armenia"}}, {"model": "pirogue.country", "pk": 17, "fields": {"code": 52, "alpha2": "BB", "alpha3": "BRB", "name_fr": "Barbade", "name_en": "Barbados"}}, {"model": "pirogue.country", "pk": 18, "fields": {"code": 56, "alpha2": "BE", "alpha3": "BEL", "name_fr": "Belgique", "name_en": "Belgium"}}, {"model": "pirogue.country", "pk": 19, "fields": {"code": 60, "alpha2": "BM", "alpha3": "BMU", "name_fr": "Bermudes", "name_en": "Bermuda"}}, {"model": "pirogue.country", "pk": 20, "fields": {"code": 64, "alpha2": "BT", "alpha3": "BTN", "name_fr": "Bhoutan", "name_en": "Bhutan"}}, {"model": "pirogue.country", "pk": 21, "fields": {"code": 68, "alpha2": "BO", "alpha3": "BOL", "name_fr": "Bolivie", "name_en": "Bolivia"}}, {"model": "pirogue.country", "pk": 22, "fields": {"code": 70, "alpha2": "BA", "alpha3": "BIH", "name_fr": "Bosnie-Herzégovine", "name_en": "Bosnia and Herzegovina"}}, {"model": "pirogue.country", "pk": 23, "fields": {"code": 72, "alpha2": "BW", "alpha3": "BWA", "name_fr": "Botswana", "name_en": "Botswana"}}, {"model": "pirogue.country", "pk": 24, "fields": {"code": 74, "alpha2": "BV", "alpha3": "BVT", "name_fr": "Île Bouvet", "name_en": "Bouvet Island"}}, {"model": "pirogue.country", "pk": 25, "fields": {"code": 76, "alpha2": "BR", "alpha3": "BRA", "name_fr": "Brésil", "name_en": "Brazil"}}, {"model": "pirogue.country", "pk": 26, "fields": {"code": 84, "alpha2": "BZ", "alpha3": "BLZ", "name_fr": "Belize", "name_en": "Belize"}}, {"model": "pirogue.country", "pk": 27, "fields": {"code": 86, "alpha2": "IO", "alpha3": "IOT", "name_fr": "Territoire Britannique de l'Océan Indien", "name_en": "British Indian Ocean Territory"}}, {"model": "pirogue.country", "pk": 28, "fields": {"code": 90, "alpha2": "SB", "alpha3": "SLB", "name_fr": "Îles Salomon", "name_en": "Solomon Islands"}}, {"model": "pirogue.country", "pk": 29, "fields": {"code": 92, "alpha2": "VG", "alpha3": "VGB", "name_fr": "Îles Vierges Britanniques", "name_en": "British Virgin Islands"}}, {"model": "pirogue.country", "pk": 30, "fields": {"code": 96, "alpha2": "BN", "alpha3": "BRN", "name_fr": "Brunéi Darussalam", "name_en": "Brunei Darussalam"}}, {"model": "pirogue.country", "pk": 31, "fields": {"code": 100, "alpha2": "BG", "alpha3": "BGR", "name_fr": "Bulgarie", "name_en": "Bulgaria"}}, {"model": "pirogue.country", "pk": 32, "fields": {"code": 104, "alpha2": "MM", "alpha3": "MMR", "name_fr": "Myanmar", "name_en": "Myanmar"}}, {"model": "pirogue.country", "pk": 33, "fields": {"code": 108, "alpha2": "BI", "alpha3": "BDI", "name_fr": "Burundi", "name_en": "Burundi"}}, {"model": "pirogue.country", "pk": 34, "fields": {"code": 112, "alpha2": "BY", "alpha3": "BLR", "name_fr": "Bélarus", "name_en": "Belarus"}}, {"model": "pirogue.country", "pk": 35, "fields": {"code": 116, "alpha2": "KH", "alpha3": "KHM", "name_fr": "Cambodge", "name_en": "Cambodia"}}, {"model": "pirogue.country", "pk": 36, "fields": {"code": 120, "alpha2": "CM", "alpha3": "CMR", "name_fr": "Cameroun", "name_en": "Cameroon"}}, {"model": "pirogue.country", "pk": 37, "fields": {"code": 124, "alpha2": "CA", "alpha3": "CAN", "name_fr": "Canada", "name_en": "Canada"}}, {"model": "pirogue.country", "pk": 38, "fields": {"code": 132, "alpha2": "CV", "alpha3": "CPV", "name_fr": "Cap-vert", "name_en": "Cape Verde"}}, {"model": "pirogue.country", "pk": 39, "fields": {"code": 136, "alpha2": "KY", "alpha3": "CYM", "name_fr": "Îles Caïmanes", "name_en": "Cayman Islands"}}, {"model": "pirogue.country", "pk": 40, "fields": {"code": 140, "alpha2": "CF", "alpha3": "CAF", "name_fr": "République Centrafricaine", "name_en": "Central African"}}, {"model": "pirogue.country", "pk": 41, "fields": {"code": 144, "alpha2": "LK", "alpha3": "LKA", "name_fr": "Sri Lanka", "name_en": "Sri Lanka"}}, {"model": "pirogue.country", "pk": 42, "fields": {"code": 148, "alpha2": "TD", "alpha3": "TCD", "name_fr": "Tchad", "name_en": "Chad"}}, {"model": "pirogue.country", "pk": 43, "fields": {"code": 152, "alpha2": "CL", "alpha3": "CHL", "name_fr": "Chili", "name_en": "Chile"}}, {"model": "pirogue.country", "pk": 44, "fields": {"code": 156, "alpha2": "CN", "alpha3": "CHN", "name_fr": "Chine", "name_en": "China"}}, {"model": "pirogue.country", "pk": 45, "fields": {"code": 158, "alpha2": "TW", "alpha3": "TWN", "name_fr": "Taïwan", "name_en": "Taiwan"}}, {"model": "pirogue.country", "pk": 46, "fields": {"code": 162, "alpha2": "CX", "alpha3": "CXR", "name_fr": "Île Christmas", "name_en": "Christmas Island"}}, {"model": "pirogue.country", "pk": 47, "fields": {"code": 166, "alpha2": "CC", "alpha3": "CCK", "name_fr": "Îles Cocos (Keeling)", "name_en": "Cocos (Keeling) Islands"}}, {"model": "pirogue.country", "pk": 48, "fields": {"code": 170, "alpha2": "CO", "alpha3": "COL", "name_fr": "Colombie", "name_en": "Colombia"}}, {"model": "pirogue.country", "pk": 49, "fields": {"code": 174, "alpha2": "KM", "alpha3": "COM", "name_fr": "Comores", "name_en": "Comoros"}}, {"model": "pirogue.country", "pk": 50, "fields": {"code": 175, "alpha2": "YT", "alpha3": "MYT", "name_fr": "Mayotte", "name_en": "Mayotte"}}, {"model": "pirogue.country", "pk": 51, "fields": {"code": 178, "alpha2": "CG", "alpha3": "COG", "name_fr": "République du Congo", "name_en": "Republic of the Congo"}}, {"model": "pirogue.country", "pk": 52, "fields": {"code": 180, "alpha2": "CD", "alpha3": "COD", "name_fr": "République Démocratique du Congo", "name_en": "The Democratic Republic Of The Congo"}}, {"model": "pirogue.country", "pk": 53, "fields": {"code": 184, "alpha2": "CK", "alpha3": "COK", "name_fr": "Îles Cook", "name_en": "Cook Islands"}}, {"model": "pirogue.country", "pk": 54, "fields": {"code": 188, "alpha2": "CR", "alpha3": "CRI", "name_fr": "Costa Rica", "name_en": "Costa Rica"}}, {"model": "pirogue.country", "pk": 55, "fields": {"code": 191, "alpha2": "HR", "alpha3": "HRV", "name_fr": "Croatie", "name_en": "Croatia"}}, {"model": "pirogue.country", "pk": 56, "fields": {"code": 192, "alpha2": "CU", "alpha3": "CUB", "name_fr": "Cuba", "name_en": "Cuba"}}, {"model": "pirogue.country", "pk": 57, "fields": {"code": 196, "alpha2": "CY", "alpha3": "CYP", "name_fr": "Chypre", "name_en": "Cyprus"}}, {"model": "pirogue.country", "pk": 58, "fields": {"code": 203, "alpha2": "CZ", "alpha3": "CZE", "name_fr": "République Tchèque", "name_en": "Czech Republic"}}, {"model": "pirogue.country", "pk": 59, "fields": {"code": 204, "alpha2": "BJ", "alpha3": "BEN", "name_fr": "Bénin", "name_en": "Benin"}}, {"model": "pirogue.country", "pk": 60, "fields": {"code": 208, "alpha2": "DK", "alpha3": "DNK", "name_fr": "Danemark", "name_en": "Denmark"}}, {"model": "pirogue.country", "pk": 61, "fields": {"code": 212, "alpha2": "DM", "alpha3": "DMA", "name_fr": "Dominique", "name_en": "Dominica"}}, {"model": "pirogue.country", "pk": 62, "fields": {"code": 214, "alpha2": "DO", "alpha3": "DOM", "name_fr": "République Dominicaine", "name_en": "Dominican Republic"}}, {"model": "pirogue.country", "pk": 63, "fields": {"code": 218, "alpha2": "EC", "alpha3": "ECU", "name_fr": "Équateur", "name_en": "Ecuador"}}, {"model": "pirogue.country", "pk": 64, "fields": {"code": 222, "alpha2": "SV", "alpha3": "SLV", "name_fr": "El Salvador", "name_en": "El Salvador"}}, {"model": "pirogue.country", "pk": 65, "fields": {"code": 226, "alpha2": "GQ", "alpha3": "GNQ", "name_fr": "Guinée Équatoriale", "name_en": "Equatorial Guinea"}}, {"model": "pirogue.country", "pk": 66, "fields": {"code": 231, "alpha2": "ET", "alpha3": "ETH", "name_fr": "Éthiopie", "name_en": "Ethiopia"}}, {"model": "pirogue.country", "pk": 67, "fields": {"code": 232, "alpha2": "ER", "alpha3": "ERI", "name_fr": "Érythrée", "name_en": "Eritrea"}}, {"model": "pirogue.country", "pk": 68, "fields": {"code": 233, "alpha2": "EE", "alpha3": "EST", "name_fr": "Estonie", "name_en": "Estonia"}}, {"model": "pirogue.country", "pk": 69, "fields": {"code": 234, "alpha2": "FO", "alpha3": "FRO", "name_fr": "Îles Féroé", "name_en": "Faroe Islands"}}, {"model": "pirogue.country", "pk": 70, "fields": {"code": 238, "alpha2": "FK", "alpha3": "FLK", "name_fr": "Îles (malvinas) Falkland", "name_en": "Falkland Islands"}}, {"model": "pirogue.country", "pk": 71, "fields": {"code": 239, "alpha2": "GS", "alpha3": "SGS", "name_fr": "Géorgie du Sud et les Îles Sandwich du Sud", "name_en": "South Georgia and the South Sandwich Islands"}}, {"model": "pirogue.country", "pk": 72, "fields": {"code": 242, "alpha2": "FJ", "alpha3": "FJI", "name_fr": "Fidji", "name_en": "Fiji"}}, {"model": "pirogue.country", "pk": 73, "fields": {"code": 246, "alpha2": "FI", "alpha3": "FIN", "name_fr": "Finlande", "name_en": "Finland"}}, {"model": "pirogue.country", "pk": 74, "fields": {"code": 248, "alpha2": "AX", "alpha3": "ALA", "name_fr": "Îles Åland", "name_en": "Åland Islands"}}, {"model": "pirogue.country", "pk": 75, "fields": {"code": 250, "alpha2": "FR", "alpha3": "FRA", "name_fr": "France", "name_en": "France"}}, {"model": "pirogue.country", "pk": 76, "fields": {"code": 254, "alpha2": "GF", "alpha3": "GUF", "name_fr": "Guyane Française", "name_en": "French Guiana"}}, {"model": "pirogue.country", "pk": 77, "fields": {"code": 258, "alpha2": "PF", "alpha3": "PYF", "name_fr": "Polynésie Française", "name_en": "French Polynesia"}}, {"model": "pirogue.country", "pk": 78, "fields": {"code": 260, "alpha2": "TF", "alpha3": "ATF", "name_fr": "Terres Australes Françaises", "name_en": "French Southern Territories"}}, {"model": "pirogue.country", "pk": 79, "fields": {"code": 262, "alpha2": "DJ", "alpha3": "DJI", "name_fr": "Djibouti", "name_en": "Djibouti"}}, {"model": "pirogue.country", "pk": 80, "fields": {"code": 266, "alpha2": "GA", "alpha3": "GAB", "name_fr": "Gabon", "name_en": "Gabon"}}, {"model": "pirogue.country", "pk": 81, "fields": {"code": 268, "alpha2": "GE", "alpha3": "GEO", "name_fr": "Géorgie", "name_en": "Georgia"}}, {"model": "pirogue.country", "pk": 82, "fields": {"code": 270, "alpha2": "GM", "alpha3": "GMB", "name_fr": "Gambie", "name_en": "Gambia"}}, {"model": "pirogue.country", "pk": 83, "fields": {"code": 275, "alpha2": "PS", "alpha3": "PSE", "name_fr": "Territoire Palestinien Occupé", "name_en": "Occupied Palestinian Territory"}}, {"model": "pirogue.country", "pk": 84, "fields": {"code": 276, "alpha2": "DE", "alpha3": "DEU", "name_fr": "Allemagne", "name_en": "Germany"}}, {"model": "pirogue.country", "pk": 85, "fields": {"code": 288, "alpha2": "GH", "alpha3": "GHA", "name_fr": "Ghana", "name_en": "Ghana"}}, {"model": "pirogue.country", "pk": 86, "fields": {"code": 292, "alpha2": "GI", "alpha3": "GIB", "name_fr": "Gibraltar", "name_en": "Gibraltar"}}, {"model": "pirogue.country", "pk": 87, "fields": {"code": 296, "alpha2": "KI", "alpha3": "KIR", "name_fr": "Kiribati", "name_en": "Kiribati"}}, {"model": "pirogue.country", "pk": 88, "fields": {"code": 300, "alpha2": "GR", "alpha3": "GRC", "name_fr": "Grèce", "name_en": "Greece"}}, {"model": "pirogue.country", "pk": 89, "fields": {"code": 304, "alpha2": "GL", "alpha3": "GRL", "name_fr": "Groenland", "name_en": "Greenland"}}, {"model": "pirogue.country", "pk": 90, "fields": {"code": 308, "alpha2": "GD", "alpha3": "GRD", "name_fr": "Grenade", "name_en": "Grenada"}}, {"model": "pirogue.country", "pk": 91, "fields": {"code": 312, "alpha2": "GP", "alpha3": "GLP", "name_fr": "Guadeloupe", "name_en": "Guadeloupe"}}, {"model": "pirogue.country", "pk": 92, "fields": {"code": 316, "alpha2": "GU", "alpha3": "GUM", "name_fr": "Guam", "name_en": "Guam"}}, {"model": "pirogue.country", "pk": 93, "fields": {"code": 320, "alpha2": "GT", "alpha3": "GTM", "name_fr": "Guatemala", "name_en": "Guatemala"}}, {"model": "pirogue.country", "pk": 94, "fields": {"code": 324, "alpha2": "GN", "alpha3": "GIN", "name_fr": "Guinée", "name_en": "Guinea"}}, {"model": "pirogue.country", "pk": 95, "fields": {"code": 328, "alpha2": "GY", "alpha3": "GUY", "name_fr": "Guyana", "name_en": "Guyana"}}, {"model": "pirogue.country", "pk": 96, "fields": {"code": 332, "alpha2": "HT", "alpha3": "HTI", "name_fr": "Haïti", "name_en": "Haiti"}}, {"model": "pirogue.country", "pk": 97, "fields": {"code": 334, "alpha2": "HM", "alpha3": "HMD", "name_fr": "Îles Heard et Mcdonald", "name_en": "Heard Island and McDonald Islands"}}, {"model": "pirogue.country", "pk": 98, "fields": {"code": 336, "alpha2": "VA", "alpha3": "VAT", "name_fr": "Saint-Siège (état de la Cité du Vatican)", "name_en": "Vatican City State"}}, {"model": "pirogue.country", "pk": 99, "fields": {"code": 340, "alpha2": "HN", "alpha3": "HND", "name_fr": "Honduras", "name_en": "Honduras"}}, {"model": "pirogue.country", "pk": 100, "fields": {"code": 344, "alpha2": "HK", "alpha3": "HKG", "name_fr": "Hong-Kong", "name_en": "Hong Kong"}}, {"model": "pirogue.country", "pk": 101, "fields": {"code": 348, "alpha2": "HU", "alpha3": "HUN", "name_fr": "Hongrie", "name_en": "Hungary"}}, {"model": "pirogue.country", "pk": 102, "fields": {"code": 352, "alpha2": "IS", "alpha3": "ISL", "name_fr": "Islande", "name_en": "Iceland"}}, {"model": "pirogue.country", "pk": 103, "fields": {"code": 356, "alpha2": "IN", "alpha3": "IND", "name_fr": "Inde", "name_en": "India"}}, {"model": "pirogue.country", "pk": 104, "fields": {"code": 360, "alpha2": "ID", "alpha3": "IDN", "name_fr": "Indonésie", "name_en": "Indonesia"}}, {"model": "pirogue.country", "pk": 105, "fields": {"code": 364, "alpha2": "IR", "alpha3": "IRN", "name_fr": "République Islamique d'Iran", "name_en": "Islamic Republic of Iran"}}, {"model": "pirogue.country", "pk": 106, "fields": {"code": 368, "alpha2": "IQ", "alpha3": "IRQ", "name_fr": "Iraq", "name_en": "Iraq"}}, {"model": "pirogue.country", "pk": 107, "fields": {"code": 372, "alpha2": "IE", "alpha3": "IRL", "name_fr": "Irlande", "name_en": "Ireland"}}, {"model": "pirogue.country", "pk": 108, "fields": {"code": 376, "alpha2": "IL", "alpha3": "ISR", "name_fr": "Israël", "name_en": "Israel"}}, {"model": "pirogue.country", "pk": 109, "fields": {"code": 380, "alpha2": "IT", "alpha3": "ITA", "name_fr": "Italie", "name_en": "Italy"}}, {"model": "pirogue.country", "pk": 110, "fields": {"code": 384, "alpha2": "CI", "alpha3": "CIV", "name_fr": "Côte d'Ivoire", "name_en": "Côte d'Ivoire"}}, {"model": "pirogue.country", "pk": 111, "fields": {"code": 388, "alpha2": "JM", "alpha3": "JAM", "name_fr": "Jamaïque", "name_en": "Jamaica"}}, {"model": "pirogue.country", "pk": 112, "fields": {"code": 392, "alpha2": "JP", "alpha3": "JPN", "name_fr": "Japon", "name_en": "Japan"}}, {"model": "pirogue.country", "pk": 113, "fields": {"code": 398, "alpha2": "KZ", "alpha3": "KAZ", "name_fr": "Kazakhstan", "name_en": "Kazakhstan"}}, {"model": "pirogue.country", "pk": 114, "fields": {"code": 400, "alpha2": "JO", "alpha3": "JOR", "name_fr": "Jordanie", "name_en": "Jordan"}}, {"model": "pirogue.country", "pk": 115, "fields": {"code": 404, "alpha2": "KE", "alpha3": "KEN", "name_fr": "Kenya", "name_en": "Kenya"}}, {"model": "pirogue.country", "pk": 116, "fields": {"code": 408, "alpha2": "KP", "alpha3": "PRK", "name_fr": "République Populaire Démocratique de Corée", "name_en": "Democratic People's Republic of Korea"}}, {"model": "pirogue.country", "pk": 117, "fields": {"code": 410, "alpha2": "KR", "alpha3": "KOR", "name_fr": "République de Corée", "name_en": "Republic of Korea"}}, {"model": "pirogue.country", "pk": 118, "fields": {"code": 414, "alpha2": "KW", "alpha3": "KWT", "name_fr": "Koweït", "name_en": "Kuwait"}}, {"model": "pirogue.country", "pk": 119, "fields": {"code": 417, "alpha2": "KG", "alpha3": "KGZ", "name_fr": "Kirghizistan", "name_en": "Kyrgyzstan"}}, {"model": "pirogue.country", "pk": 120, "fields": {"code": 418, "alpha2": "LA", "alpha3": "LAO", "name_fr": "République Démocratique Populaire Lao", "name_en": "Lao People's Democratic Republic"}}, {"model": "pirogue.country", "pk": 121, "fields": {"code": 422, "alpha2": "LB", "alpha3": "LBN", "name_fr": "Liban", "name_en": "Lebanon"}}, {"model": "pirogue.country", "pk": 122, "fields": {"code": 426, "alpha2": "LS", "alpha3": "LSO", "name_fr": "Lesotho", "name_en": "Lesotho"}}, {"model": "pirogue.country", "pk": 123, "fields": {"code": 428, "alpha2": "LV", "alpha3": "LVA", "name_fr": "Lettonie", "name_en": "Latvia"}}, {"model": "pirogue.country", "pk": 124, "fields": {"code": 430, "alpha2": "LR", "alpha3": "LBR", "name_fr": "Libéria", "name_en": "Liberia"}}, {"model": "pirogue.country", "pk": 125, "fields": {"code": 434, "alpha2": "LY", "alpha3": "LBY", "name_fr": "Jamahiriya Arabe Libyenne", "name_en": "Libyan Arab Jamahiriya"}}, {"model": "pirogue.country", "pk": 126, "fields": {"code": 438, "alpha2": "LI", "alpha3": "LIE", "name_fr": "Liechtenstein", "name_en": "Liechtenstein"}}, {"model": "pirogue.country", "pk": 127, "fields": {"code": 440, "alpha2": "LT", "alpha3": "LTU", "name_fr": "Lituanie", "name_en": "Lithuania"}}, {"model": "pirogue.country", "pk": 128, "fields": {"code": 442, "alpha2": "LU", "alpha3": "LUX", "name_fr": "Luxembourg", "name_en": "Luxembourg"}}, {"model": "pirogue.country", "pk": 129, "fields": {"code": 446, "alpha2": "MO", "alpha3": "MAC", "name_fr": "Macao", "name_en": "Macao"}}, {"model": "pirogue.country", "pk": 130, "fields": {"code": 450, "alpha2": "MG", "alpha3": "MDG", "name_fr": "Madagascar", "name_en": "Madagascar"}}, {"model": "pirogue.country", "pk": 131, "fields": {"code": 454, "alpha2": "MW", "alpha3": "MWI", "name_fr": "Malawi", "name_en": "Malawi"}}, {"model": "pirogue.country", "pk": 132, "fields": {"code": 458, "alpha2": "MY", "alpha3": "MYS", "name_fr": "Malaisie", "name_en": "Malaysia"}}, {"model": "pirogue.country", "pk": 133, "fields": {"code": 462, "alpha2": "MV", "alpha3": "MDV", "name_fr": "Maldives", "name_en": "Maldives"}}, {"model": "pirogue.country", "pk": 134, "fields": {"code": 466, "alpha2": "ML", "alpha3": "MLI", "name_fr": "Mali", "name_en": "Mali"}}, {"model": "pirogue.country", "pk": 135, "fields": {"code": 470, "alpha2": "MT", "alpha3": "MLT", "name_fr": "Malte", "name_en": "Malta"}}, {"model": "pirogue.country", "pk": 136, "fields": {"code": 474, "alpha2": "MQ", "alpha3": "MTQ", "name_fr": "Martinique", "name_en": "Martinique"}}, {"model": "pirogue.country", "pk": 137, "fields": {"code": 478, "alpha2": "MR", "alpha3": "MRT", "name_fr": "Mauritanie", "name_en": "Mauritania"}}, {"model": "pirogue.country", "pk": 138, "fields": {"code": 480, "alpha2": "MU", "alpha3": "MUS", "name_fr": "Maurice", "name_en": "Mauritius"}}, {"model": "pirogue.country", "pk": 139, "fields": {"code": 484, "alpha2": "MX", "alpha3": "MEX", "name_fr": "Mexique", "name_en": "Mexico"}}, {"model": "pirogue.country", "pk": 140, "fields": {"code": 492, "alpha2": "MC", "alpha3": "MCO", "name_fr": "Monaco", "name_en": "Monaco"}}, {"model": "pirogue.country", "pk": 141, "fields": {"code": 496, "alpha2": "MN", "alpha3": "MNG", "name_fr": "Mongolie", "name_en": "Mongolia"}}, {"model": "pirogue.country", "pk": 142, "fields": {"code": 498, "alpha2": "MD", "alpha3": "MDA", "name_fr": "République de Moldova", "name_en": "Republic of Moldova"}}, {"model": "pirogue.country", "pk": 143, "fields": {"code": 500, "alpha2": "MS", "alpha3": "MSR", "name_fr": "Montserrat", "name_en": "Montserrat"}}, {"model": "pirogue.country", "pk": 144, "fields": {"code": 504, "alpha2": "MA", "alpha3": "MAR", "name_fr": "Maroc", "name_en": "Morocco"}}, {"model": "pirogue.country", "pk": 145, "fields": {"code": 508, "alpha2": "MZ", "alpha3": "MOZ", "name_fr": "Mozambique", "name_en": "Mozambique"}}, {"model": "pirogue.country", "pk": 146, "fields": {"code": 512, "alpha2": "OM", "alpha3": "OMN", "name_fr": "Oman", "name_en": "Oman"}}, {"model": "pirogue.country", "pk": 147, "fields": {"code": 516, "alpha2": "NA", "alpha3": "NAM", "name_fr": "Namibie", "name_en": "Namibia"}}, {"model": "pirogue.country", "pk": 148, "fields": {"code": 520, "alpha2": "NR", "alpha3": "NRU", "name_fr": "Nauru", "name_en": "Nauru"}}, {"model": "pirogue.country", "pk": 149, "fields": {"code": 524, "alpha2": "NP", "alpha3": "NPL", "name_fr": "Népal", "name_en": "Nepal"}}, {"model": "pirogue.country", "pk": 150, "fields": {"code": 528, "alpha2": "NL", "alpha3": "NLD", "name_fr": "Pays-Bas", "name_en": "Netherlands"}}, {"model": "pirogue.country", "pk": 151, "fields": {"code": 530, "alpha2": "AN", "alpha3": "ANT", "name_fr": "Antilles Néerlandaises", "name_en": "Netherlands Antilles"}}, {"model": "pirogue.country", "pk": 152, "fields": {"code": 533, "alpha2": "AW", "alpha3": "ABW", "name_fr": "Aruba", "name_en": "Aruba"}}, {"model": "pirogue.country", "pk": 153, "fields": {"code": 540, "alpha2": "NC", "alpha3": "NCL", "name_fr": "Nouvelle-Calédonie", "name_en": "New Caledonia"}}, {"model": "pirogue.country", "pk": 154, "fields": {"code": 548, "alpha2": "VU", "alpha3": "VUT", "name_fr": "Vanuatu", "name_en": "Vanuatu"}}, {"model": "pirogue.country", "pk": 155, "fields": {"code": 554, "alpha2": "NZ", "alpha3": "NZL", "name_fr": "Nouvelle-Zélande", "name_en": "New Zealand"}}, {"model": "pirogue.country", "pk": 156, "fields": {"code": 558, "alpha2": "NI", "alpha3": "NIC", "name_fr": "Nicaragua", "name_en": "Nicaragua"}}, {"model": "pirogue.country", "pk": 157, "fields": {"code": 562, "alpha2": "NE", "alpha3": "NER", "name_fr": "Niger", "name_en": "Niger"}}, {"model": "pirogue.country", "pk": 158, "fields": {"code": 566, "alpha2": "NG", "alpha3": "NGA", "name_fr": "Nigéria", "name_en": "Nigeria"}}, {"model": "pirogue.country", "pk": 159, "fields": {"code": 570, "alpha2": "NU", "alpha3": "NIU", "name_fr": "Niué", "name_en": "Niue"}}, {"model": "pirogue.country", "pk": 160, "fields": {"code": 574, "alpha2": "NF", "alpha3": "NFK", "name_fr": "Île Norfolk", "name_en": "Norfolk Island"}}, {"model": "pirogue.country", "pk": 161, "fields": {"code": 578, "alpha2": "NO", "alpha3": "NOR", "name_fr": "Norvège", "name_en": "Norway"}}, {"model": "pirogue.country", "pk": 162, "fields": {"code": 580, "alpha2": "MP", "alpha3": "MNP", "name_fr": "Îles Mariannes du Nord", "name_en": "Northern Mariana Islands"}}, {"model": "pirogue.country", "pk": 163, "fields": {"code": 581, "alpha2": "UM", "alpha3": "UMI", "name_fr": "Îles Mineures Éloignées des États-Unis", "name_en": "United States Minor Outlying Islands"}}, {"model": "pirogue.country", "pk": 164, "fields": {"code": 583, "alpha2": "FM", "alpha3": "FSM", "name_fr": "États Fédérés de Micronésie", "name_en": "Federated States of Micronesia"}}, {"model": "pirogue.country", "pk": 165, "fields": {"code": 584, "alpha2": "MH", "alpha3": "MHL", "name_fr": "Îles Marshall", "name_en": "Marshall Islands"}}, {"model": "pirogue.country", "pk": 166, "fields": {"code": 585, "alpha2": "PW", "alpha3": "PLW", "name_fr": "Palaos", "name_en": "Palau"}}, {"model": "pirogue.country", "pk": 167, "fields": {"code": 586, "alpha2": "PK", "alpha3": "PAK", "name_fr": "Pakistan", "name_en": "Pakistan"}}, {"model": "pirogue.country", "pk": 168, "fields": {"code": 591, "alpha2": "PA", "alpha3": "PAN", "name_fr": "Panama", "name_en": "Panama"}}, {"model": "pirogue.country", "pk": 169, "fields": {"code": 598, "alpha2": "PG", "alpha3": "PNG", "name_fr": "Papouasie-Nouvelle-Guinée", "name_en": "Papua New Guinea"}}, {"model": "pirogue.country", "pk": 170, "fields": {"code": 600, "alpha2": "PY", "alpha3": "PRY", "name_fr": "Paraguay", "name_en": "Paraguay"}}, {"model": "pirogue.country", "pk": 171, "fields": {"code": 604, "alpha2": "PE", "alpha3": "PER", "name_fr": "Pérou", "name_en": "Peru"}}, {"model": "pirogue.country", "pk": 172, "fields": {"code": 608, "alpha2": "PH", "alpha3": "PHL", "name_fr": "Philippines", "name_en": "Philippines"}}, {"model": "pirogue.country", "pk": 173, "fields": {"code": 612, "alpha2": "PN", "alpha3": "PCN", "name_fr": "Pitcairn", "name_en": "Pitcairn"}}, {"model": "pirogue.country", "pk": 174, "fields": {"code": 616, "alpha2": "PL", "alpha3": "POL", "name_fr": "Pologne", "name_en": "Poland"}}, {"model": "pirogue.country", "pk": 175, "fields": {"code": 620, "alpha2": "PT", "alpha3": "PRT", "name_fr": "Portugal", "name_en": "Portugal"}}, {"model": "pirogue.country", "pk": 176, "fields": {"code": 624, "alpha2": "GW", "alpha3": "GNB", "name_fr": "Guinée-Bissau", "name_en": "Guinea-Bissau"}}, {"model": "pirogue.country", "pk": 177, "fields": {"code": 626, "alpha2": "TL", "alpha3": "TLS", "name_fr": "Timor-Leste", "name_en": "Timor-Leste"}}, {"model": "pirogue.country", "pk": 178, "fields": {"code": 630, "alpha2": "PR", "alpha3": "PRI", "name_fr": "Porto Rico", "name_en": "Puerto Rico"}}, {"model": "pirogue.country", "pk": 179, "fields": {"code": 634, "alpha2": "QA", "alpha3": "QAT", "name_fr": "Qatar", "name_en": "Qatar"}}, {"model": "pirogue.country", "pk": 180, "fields": {"code": 638, "alpha2": "RE", "alpha3": "REU", "name_fr": "Réunion", "name_en": "Réunion"}}, {"model": "pirogue.country", "pk": 181, "fields": {"code": 642, "alpha2": "RO", "alpha3": "ROU", "name_fr": "Roumanie", "name_en": "Romania"}}, {"model": "pirogue.country", "pk": 182, "fields": {"code": 643, "alpha2": "RU", "alpha3": "RUS", "name_fr": "Fédération de Russie", "name_en": "Russian Federation"}}, {"model": "pirogue.country", "pk": 183, "fields": {"code": 646, "alpha2": "RW", "alpha3": "RWA", "name_fr": "Rwanda", "name_en": "Rwanda"}}, {"model": "pirogue.country", "pk": 184, "fields": {"code": 654, "alpha2": "SH", "alpha3": "SHN", "name_fr": "Sainte-Hélène", "name_en": "Saint Helena"}}, {"model": "pirogue.country", "pk": 185, "fields": {"code": 659, "alpha2": "KN", "alpha3": "KNA", "name_fr": "Saint-Kitts-et-Nevis", "name_en": "Saint Kitts and Nevis"}}, {"model": "pirogue.country", "pk": 186, "fields": {"code": 660, "alpha2": "AI", "alpha3": "AIA", "name_fr": "Anguilla", "name_en": "Anguilla"}}, {"model": "pirogue.country", "pk": 187, "fields": {"code": 662, "alpha2": "LC", "alpha3": "LCA", "name_fr": "Sainte-Lucie", "name_en": "Saint Lucia"}}, {"model": "pirogue.country", "pk": 188, "fields": {"code": 666, "alpha2": "PM", "alpha3": "SPM", "name_fr": "Saint-Pierre-et-Miquelon", "name_en": "Saint-Pierre and Miquelon"}}, {"model": "pirogue.country", "pk": 189, "fields": {"code": 670, "alpha2": "VC", "alpha3": "VCT", "name_fr": "Saint-Vincent-et-les Grenadines", "name_en": "Saint Vincent and the Grenadines"}}, {"model": "pirogue.country", "pk": 190, "fields": {"code": 674, "alpha2": "SM", "alpha3": "SMR", "name_fr": "Saint-Marin", "name_en": "San Marino"}}, {"model": "pirogue.country", "pk": 191, "fields": {"code": 678, "alpha2": "ST", "alpha3": "STP", "name_fr": "Sao Tomé-et-Principe", "name_en": "Sao Tome and Principe"}}, {"model": "pirogue.country", "pk": 192, "fields": {"code": 682, "alpha2": "SA", "alpha3": "SAU", "name_fr": "Arabie Saoudite", "name_en": "Saudi Arabia"}}, {"model": "pirogue.country", "pk": 193, "fields": {"code": 686, "alpha2": "SN", "alpha3": "SEN", "name_fr": "Sénégal", "name_en": "Senegal"}}, {"model": "pirogue.country", "pk": 194, "fields": {"code": 690, "alpha2": "SC", "alpha3": "SYC", "name_fr": "Seychelles", "name_en": "Seychelles"}}, {"model": "pirogue.country", "pk": 195, "fields": {"code": 694, "alpha2": "SL", "alpha3": "SLE", "name_fr": "Sierra Leone", "name_en": "Sierra Leone"}}, {"model": "pirogue.country", "pk": 196, "fields": {"code": 702, "alpha2": "SG", "alpha3": "SGP", "name_fr": "Singapour", "name_en": "Singapore"}}, {"model": "pirogue.country", "pk": 197, "fields": {"code": 703, "alpha2": "SK", "alpha3": "SVK", "name_fr": "Slovaquie", "name_en": "Slovakia"}}, {"model": "pirogue.country", "pk": 198, "fields": {"code": 704, "alpha2": "VN", "alpha3": "VNM", "name_fr": "Viet Nam", "name_en": "Vietnam"}}, {"model": "pirogue.country", "pk": 199, "fields": {"code": 705, "alpha2": "SI", "alpha3": "SVN", "name_fr": "Slovénie", "name_en": "Slovenia"}}, {"model": "pirogue.country", "pk": 200, "fields": {"code": 706, "alpha2": "SO", "alpha3": "SOM", "name_fr": "Somalie", "name_en": "Somalia"}}, {"model": "pirogue.country", "pk": 201, "fields": {"code": 710, "alpha2": "ZA", "alpha3": "ZAF", "name_fr": "Afrique du Sud", "name_en": "South Africa"}}, {"model": "pirogue.country", "pk": 202, "fields": {"code": 716, "alpha2": "ZW", "alpha3": "ZWE", "name_fr": "Zimbabwe", "name_en": "Zimbabwe"}}, {"model": "pirogue.country", "pk": 203, "fields": {"code": 724, "alpha2": "ES", "alpha3": "ESP", "name_fr": "Espagne", "name_en": "Spain"}}, {"model": "pirogue.country", "pk": 204, "fields": {"code": 732, "alpha2": "EH", "alpha3": "ESH", "name_fr": "Sahara Occidental", "name_en": "Western Sahara"}}, {"model": "pirogue.country", "pk": 205, "fields": {"code": 736, "alpha2": "SD", "alpha3": "SDN", "name_fr": "Soudan", "name_en": "Sudan"}}, {"model": "pirogue.country", "pk": 206, "fields": {"code": 740, "alpha2": "SR", "alpha3": "SUR", "name_fr": "Suriname", "name_en": "Suriname"}}, {"model": "pirogue.country", "pk": 207, "fields": {"code": 744, "alpha2": "SJ", "alpha3": "SJM", "name_fr": "Svalbard etÎle Jan Mayen", "name_en": "Svalbard and Jan Mayen"}}, {"model": "pirogue.country", "pk": 208, "fields": {"code": 748, "alpha2": "SZ", "alpha3": "SWZ", "name_fr": "Swaziland", "name_en": "Swaziland"}}, {"model": "pirogue.country", "pk": 209, "fields": {"code": 752, "alpha2": "SE", "alpha3": "SWE", "name_fr": "Suède", "name_en": "Sweden"}}, {"model": "pirogue.country", "pk": 210, "fields": {"code": 756, "alpha2": "CH", "alpha3": "CHE", "name_fr": "Suisse", "name_en": "Switzerland"}}, {"model": "pirogue.country", "pk": 211, "fields": {"code": 760, "alpha2": "SY", "alpha3": "SYR", "name_fr": "République Arabe Syrienne", "name_en": "Syrian Arab Republic"}}, {"model": "pirogue.country", "pk": 212, "fields": {"code": 762, "alpha2": "TJ", "alpha3": "TJK", "name_fr": "Tadjikistan", "name_en": "Tajikistan"}}, {"model": "pirogue.country", "pk": 213, "fields": {"code": 764, "alpha2": "TH", "alpha3": "THA", "name_fr": "Thaïlande", "name_en": "Thailand"}}, {"model": "pirogue.country", "pk": 214, "fields": {"code": 768, "alpha2": "TG", "alpha3": "TGO", "name_fr": "Togo", "name_en": "Togo"}}, {"model": "pirogue.country", "pk": 215, "fields": {"code": 772, "alpha2": "TK", "alpha3": "TKL", "name_fr": "Tokelau", "name_en": "Tokelau"}}, {"model": "pirogue.country", "pk": 216, "fields": {"code": 776, "alpha2": "TO", "alpha3": "TON", "name_fr": "Tonga", "name_en": "Tonga"}}, {"model": "pirogue.country", "pk": 217, "fields": {"code": 780, "alpha2": "TT", "alpha3": "TTO", "name_fr": "Trinité-et-Tobago", "name_en": "Trinidad and Tobago"}}, {"model": "pirogue.country", "pk": 218, "fields": {"code": 784, "alpha2": "AE", "alpha3": "ARE", "name_fr": "Émirats Arabes Unis", "name_en": "United Arab Emirates"}}, {"model": "pirogue.country", "pk": 219, "fields": {"code": 788, "alpha2": "TN", "alpha3": "TUN", "name_fr": "Tunisie", "name_en": "Tunisia"}}, {"model": "pirogue.country", "pk": 220, "fields": {"code": 792, "alpha2": "TR", "alpha3": "TUR", "name_fr": "Turquie", "name_en": "Turkey"}}, {"model": "pirogue.country", "pk": 221, "fields": {"code": 795, "alpha2": "TM", "alpha3": "TKM", "name_fr": "Turkménistan", "name_en": "Turkmenistan"}}, {"model": "pirogue.country", "pk": 222, "fields": {"code": 796, "alpha2": "TC", "alpha3": "TCA", "name_fr": "Îles Turks et Caïques", "name_en": "Turks and Caicos Islands"}}, {"model": "pirogue.country", "pk": 223, "fields": {"code": 798, "alpha2": "TV", "alpha3": "TUV", "name_fr": "Tuvalu", "name_en": "Tuvalu"}}, {"model": "pirogue.country", "pk": 224, "fields": {"code": 800, "alpha2": "UG", "alpha3": "UGA", "name_fr": "Ouganda", "name_en": "Uganda"}}, {"model": "pirogue.country", "pk": 225, "fields": {"code": 804, "alpha2": "UA", "alpha3": "UKR", "name_fr": "Ukraine", "name_en": "Ukraine"}}, {"model": "pirogue.country", "pk": 226, "fields": {"code": 807, "alpha2": "MK", "alpha3": "MKD", "name_fr": "L'ex-République Yougoslave de Macédoine", "name_en": "The Former Yugoslav Republic of Macedonia"}}, {"model": "pirogue.country", "pk": 227, "fields": {"code": 818, "alpha2": "EG", "alpha3": "EGY", "name_fr": "Égypte", "name_en": "Egypt"}}, {"model": "pirogue.country", "pk": 228, "fields": {"code": 826, "alpha2": "GB", "alpha3": "GBR", "name_fr": "Royaume-Uni", "name_en": "United Kingdom"}}, {"model": "pirogue.country", "pk": 229, "fields": {"code": 833, "alpha2": "IM", "alpha3": "IMN", "name_fr": "Île de Man", "name_en": "Isle of Man"}}, {"model": "pirogue.country", "pk": 230, "fields": {"code": 834, "alpha2": "TZ", "alpha3": "TZA", "name_fr": "République-Unie de Tanzanie", "name_en": "United Republic Of Tanzania"}}, {"model": "pirogue.country", "pk": 231, "fields": {"code": 840, "alpha2": "US", "alpha3": "USA", "name_fr": "États-Unis", "name_en": "United States"}}, {"model": "pirogue.country", "pk": 232, "fields": {"code": 850, "alpha2": "VI", "alpha3": "VIR", "name_fr": "Îles Vierges des États-Unis", "name_en": "U.S. Virgin Islands"}}, {"model": "pirogue.country", "pk": 233, "fields": {"code": 854, "alpha2": "BF", "alpha3": "BFA", "name_fr": "Burkina Faso", "name_en": "Burkina Faso"}}, {"model": "pirogue.country", "pk": 234, "fields": {"code": 858, "alpha2": "UY", "alpha3": "URY", "name_fr": "Uruguay", "name_en": "Uruguay"}}, {"model": "pirogue.country", "pk": 235, "fields": {"code": 860, "alpha2": "UZ", "alpha3": "UZB", "name_fr": "Ouzbékistan", "name_en": "Uzbekistan"}}, {"model": "pirogue.country", "pk": 236, "fields": {"code": 862, "alpha2": "VE", "alpha3": "VEN", "name_fr": "Venezuela", "name_en": "Venezuela"}}, {"model": "pirogue.country", "pk": 237, "fields": {"code": 876, "alpha2": "WF", "alpha3": "WLF", "name_fr": "Wallis et Futuna", "name_en": "Wallis and Futuna"}}, {"model": "pirogue.country", "pk": 238, "fields": {"code": 882, "alpha2": "WS", "alpha3": "WSM", "name_fr": "Samoa", "name_en": "Samoa"}}, {"model": "pirogue.country", "pk": 239, "fields": {"code": 887, "alpha2": "YE", "alpha3": "YEM", "name_fr": "Yémen", "name_en": "Yemen"}}, {"model": "pirogue.country", "pk": 240, "fields": {"code": 891, "alpha2": "CS", "alpha3": "SCG", "name_fr": "Serbie-et-Monténégro", "name_en": "Serbia and Montenegro"}}, {"model": "pirogue.country", "pk": 241, "fields": {"code": 894, "alpha2": "ZM", "alpha3": "ZMB", "name_fr": "Zambie", "name_en": "Zambia"}}]